UUID,targetIP,destIP
a923-45b7-gh12-8902,192.168.123.48,192.168.197.213
a923-45b7-gh12-416,192.168.148.46,192.168.126.87
a923-45b7-gh12-4608,192.168.60.172,192.168.153.36
a923-45b7-gh12-8244,192.168.173.181,192.168.63.81
a923-45b7-gh12-1030,192.168.106.109,192.168.43.189
a923-45b7-gh12-237,192.168.203.60,192.168.235.76
a923-45b7-gh12-2869,192.168.25.4,192.168.90.203
a923-45b7-gh12-1510,192.168.202.236,192.168.201.140
a923-45b7-gh12-3883,192.168.147.155,192.168.225.147
a923-45b7-gh12-6082,192.168.154.98,192.168.152.36
a923-45b7-gh12-6292,192.168.211.255,192.168.63.101
a923-45b7-gh12-6711,192.168.190.99,192.168.107.21
a923-45b7-gh12-2077,192.168.33.123,192.168.167.201
a923-45b7-gh12-8931,192.168.13.59,192.168.210.234
a923-45b7-gh12-1452,192.168.96.29,192.168.45.193
a923-45b7-gh12-2614,192.168.229.35,192.168.234.27
a923-45b7-gh12-5698,192.168.61.31,192.168.64.183
a923-45b7-gh12-5449,192.168.245.169,192.168.47.6
a923-45b7-gh12-6633,192.168.145.13,192.168.136.67
a923-45b7-gh12-3806,192.168.161.149,192.168.156.215
a923-45b7-gh12-8559,192.168.70.110,192.168.37.120
a923-45b7-gh12-3986,192.168.124.133,192.168.46.226
a923-45b7-gh12-7098,192.168.144.138,192.168.149.146
a923-45b7-gh12-1055,192.168.28.110,192.168.41.84
a923-45b7-gh12-2652,192.168.44.65,192.168.66.53
a923-45b7-gh12-9953,192.168.109.203,192.168.165.183
a923-45b7-gh12-3840,192.168.140.19,192.168.81.0
a923-45b7-gh12-5410,192.168.109.31,192.168.194.37
a923-45b7-gh12-4980,192.168.218.249,192.168.29.255
a923-45b7-gh12-1545,192.168.226.168,192.168.203.75
a923-45b7-gh12-8104,192.168.51.45,192.168.224.117
a923-45b7-gh12-1021,192.168.35.196,192.168.27.222
a923-45b7-gh12-9063,192.168.185.119,192.168.181.120
a923-45b7-gh12-2268,192.168.198.170,192.168.186.40
a923-45b7-gh12-3656,192.168.164.223,192.168.100.137
a923-45b7-gh12-1589,192.168.36.141,192.168.22.187
a923-45b7-gh12-6577,192.168.224.246,192.168.98.11
a923-45b7-gh12-2660,192.168.31.105,192.168.75.176
a923-45b7-gh12-1446,192.168.243.68,192.168.95.181
a923-45b7-gh12-3208,192.168.229.163,192.168.247.59
a923-45b7-gh12-4037,192.168.42.66,192.168.223.20
a923-45b7-gh12-6043,192.168.122.34,192.168.234.87
a923-45b7-gh12-4965,192.168.145.105,192.168.245.87
a923-45b7-gh12-4439,192.168.193.35,192.168.100.185
a923-45b7-gh12-4461,192.168.24.60,192.168.164.194
a923-45b7-gh12-7406,192.168.183.237,192.168.60.123
a923-45b7-gh12-4930,192.168.6.162,192.168.30.10
a923-45b7-gh12-7382,192.168.137.87,192.168.21.45
a923-45b7-gh12-547,192.168.121.119,192.168.240.33
a923-45b7-gh12-2385,192.168.159.23,192.168.151.155
a923-45b7-gh12-1841,192.168.186.213,192.168.148.125
a923-45b7-gh12-4966,192.168.142.118,192.168.39.127
a923-45b7-gh12-6046,192.168.39.172,192.168.35.238
a923-45b7-gh12-4357,192.168.161.3,192.168.14.50
a923-45b7-gh12-6351,192.168.156.32,192.168.103.6
a923-45b7-gh12-5195,192.168.90.132,192.168.221.203
a923-45b7-gh12-2616,192.168.148.23,192.168.140.36
a923-45b7-gh12-443,192.168.82.170,192.168.35.79
a923-45b7-gh12-6164,192.168.219.175,192.168.33.166
a923-45b7-gh12-5840,192.168.39.247,192.168.89.84
a923-45b7-gh12-9528,192.168.102.102,192.168.79.151
a923-45b7-gh12-7484,192.168.228.237,192.168.222.84
a923-45b7-gh12-6730,192.168.199.241,192.168.157.124
a923-45b7-gh12-1573,192.168.225.118,192.168.72.61
a923-45b7-gh12-5812,192.168.131.111,192.168.18.32
a923-45b7-gh12-5862,192.168.170.209,192.168.180.226
a923-45b7-gh12-1582,192.168.209.209,192.168.2.152
a923-45b7-gh12-3343,192.168.124.249,192.168.8.165
a923-45b7-gh12-2860,192.168.119.6,192.168.83.26
a923-45b7-gh12-4560,192.168.85.31,192.168.3.120
a923-45b7-gh12-915,192.168.191.248,192.168.163.184
a923-45b7-gh12-6587,192.168.205.172,192.168.151.28
a923-45b7-gh12-6880,192.168.240.123,192.168.118.27
a923-45b7-gh12-8225,192.168.208.62,192.168.69.219
a923-45b7-gh12-9373,192.168.60.209,192.168.96.5
a923-45b7-gh12-5683,192.168.73.160,192.168.141.235
a923-45b7-gh12-4832,192.168.150.245,192.168.105.223
a923-45b7-gh12-590,192.168.228.140,192.168.50.116
a923-45b7-gh12-9540,192.168.17.1,192.168.162.42
a923-45b7-gh12-6069,192.168.215.58,192.168.246.115
a923-45b7-gh12-7689,192.168.203.240,192.168.60.229
a923-45b7-gh12-434,192.168.193.120,192.168.236.231
a923-45b7-gh12-8313,192.168.37.98,192.168.3.40
a923-45b7-gh12-4583,192.168.165.74,192.168.241.195
a923-45b7-gh12-7848,192.168.179.158,192.168.143.57
a923-45b7-gh12-191,192.168.143.235,192.168.191.204
a923-45b7-gh12-2994,192.168.176.161,192.168.118.229
a923-45b7-gh12-5726,192.168.173.200,192.168.255.56
a923-45b7-gh12-8297,192.168.175.223,192.168.238.34
a923-45b7-gh12-4386,192.168.198.63,192.168.76.39
a923-45b7-gh12-933,192.168.30.245,192.168.225.64
a923-45b7-gh12-6533,192.168.204.218,192.168.22.80
a923-45b7-gh12-9923,192.168.131.70,192.168.129.173
a923-45b7-gh12-3429,192.168.128.117,192.168.234.240
a923-45b7-gh12-5950,192.168.206.133,192.168.114.79
a923-45b7-gh12-9725,192.168.165.212,192.168.54.15
a923-45b7-gh12-458,192.168.161.193,192.168.70.23
a923-45b7-gh12-1231,192.168.74.77,192.168.123.11
a923-45b7-gh12-9636,192.168.62.239,192.168.67.199
a923-45b7-gh12-3106,192.168.6.16,192.168.19.118
a923-45b7-gh12-1302,192.168.185.37,192.168.24.61
a923-45b7-gh12-1966,192.168.113.142,192.168.61.127
a923-45b7-gh12-1071,192.168.6.118,192.168.131.196
a923-45b7-gh12-2282,192.168.164.126,192.168.248.107
a923-45b7-gh12-6883,192.168.9.104,192.168.141.48
a923-45b7-gh12-7252,192.168.62.255,192.168.68.94
a923-45b7-gh12-7848,192.168.114.172,192.168.68.154
a923-45b7-gh12-601,192.168.208.136,192.168.160.152
a923-45b7-gh12-3812,192.168.129.92,192.168.200.108
a923-45b7-gh12-6074,192.168.188.168,192.168.205.55
a923-45b7-gh12-3663,192.168.84.204,192.168.200.101
a923-45b7-gh12-1494,192.168.132.113,192.168.133.149
a923-45b7-gh12-7199,192.168.93.86,192.168.229.112
a923-45b7-gh12-4565,192.168.90.54,192.168.35.183
a923-45b7-gh12-456,192.168.77.123,192.168.211.81
a923-45b7-gh12-4121,192.168.73.153,192.168.139.152
a923-45b7-gh12-5179,192.168.77.175,192.168.26.124
a923-45b7-gh12-7676,192.168.17.49,192.168.137.48
a923-45b7-gh12-8112,192.168.206.124,192.168.159.119
a923-45b7-gh12-6853,192.168.8.39,192.168.200.67
a923-45b7-gh12-9771,192.168.238.5,192.168.58.55
a923-45b7-gh12-8239,192.168.245.131,192.168.160.249
a923-45b7-gh12-3423,192.168.137.224,192.168.205.195
a923-45b7-gh12-2815,192.168.195.94,192.168.223.96
a923-45b7-gh12-5565,192.168.71.67,192.168.86.31
a923-45b7-gh12-7585,192.168.250.221,192.168.177.223
a923-45b7-gh12-566,192.168.155.12,192.168.225.24
a923-45b7-gh12-6415,192.168.35.231,192.168.194.66
a923-45b7-gh12-4167,192.168.214.160,192.168.249.129
a923-45b7-gh12-3309,192.168.79.77,192.168.46.204
a923-45b7-gh12-9191,192.168.155.80,192.168.35.193
a923-45b7-gh12-7252,192.168.155.21,192.168.100.81
a923-45b7-gh12-9073,192.168.15.191,192.168.180.0
a923-45b7-gh12-2642,192.168.70.175,192.168.61.191
a923-45b7-gh12-9625,192.168.85.135,192.168.31.22
a923-45b7-gh12-9210,192.168.72.71,192.168.28.134
a923-45b7-gh12-4204,192.168.12.217,192.168.22.213
a923-45b7-gh12-1989,192.168.137.229,192.168.219.192
a923-45b7-gh12-6219,192.168.232.44,192.168.4.24
a923-45b7-gh12-7218,192.168.40.171,192.168.237.198
a923-45b7-gh12-8312,192.168.87.172,192.168.198.196
a923-45b7-gh12-9259,192.168.203.78,192.168.25.249
a923-45b7-gh12-3940,192.168.214.46,192.168.230.86
a923-45b7-gh12-7739,192.168.131.15,192.168.255.139
a923-45b7-gh12-7406,192.168.156.220,192.168.212.223
a923-45b7-gh12-7929,192.168.149.87,192.168.50.27
a923-45b7-gh12-7203,192.168.158.212,192.168.21.94
a923-45b7-gh12-3866,192.168.27.142,192.168.130.250
a923-45b7-gh12-2284,192.168.162.123,192.168.109.74
a923-45b7-gh12-2436,192.168.0.14,192.168.178.162
a923-45b7-gh12-2595,192.168.151.30,192.168.7.66
a923-45b7-gh12-4628,192.168.194.27,192.168.208.173
a923-45b7-gh12-6465,192.168.52.168,192.168.102.53
a923-45b7-gh12-4818,192.168.247.50,192.168.181.176
a923-45b7-gh12-510,192.168.53.61,192.168.176.149
a923-45b7-gh12-827,192.168.3.227,192.168.158.31
a923-45b7-gh12-5844,192.168.69.179,192.168.235.146
a923-45b7-gh12-3946,192.168.3.197,192.168.194.46
a923-45b7-gh12-5024,192.168.212.99,192.168.206.65
a923-45b7-gh12-7972,192.168.11.250,192.168.46.34
a923-45b7-gh12-284,192.168.240.125,192.168.36.132
a923-45b7-gh12-5389,192.168.104.58,192.168.57.104
a923-45b7-gh12-1121,192.168.117.165,192.168.218.217
a923-45b7-gh12-130,192.168.37.237,192.168.101.75
a923-45b7-gh12-7498,192.168.211.120,192.168.167.228
a923-45b7-gh12-5839,192.168.239.117,192.168.13.141
a923-45b7-gh12-8378,192.168.247.217,192.168.53.91
a923-45b7-gh12-8367,192.168.39.2,192.168.216.221
a923-45b7-gh12-9883,192.168.122.182,192.168.217.107
a923-45b7-gh12-5158,192.168.92.21,192.168.226.109
a923-45b7-gh12-2572,192.168.15.26,192.168.236.141
a923-45b7-gh12-1603,192.168.127.3,192.168.52.130
a923-45b7-gh12-6936,192.168.154.50,192.168.96.5
a923-45b7-gh12-3744,192.168.135.92,192.168.74.27
a923-45b7-gh12-2040,192.168.67.157,192.168.59.192
a923-45b7-gh12-8778,192.168.235.191,192.168.49.112
a923-45b7-gh12-8740,192.168.97.31,192.168.230.11
a923-45b7-gh12-2913,192.168.143.43,192.168.168.204
a923-45b7-gh12-1326,192.168.146.171,192.168.48.180
a923-45b7-gh12-1458,192.168.46.48,192.168.92.202
a923-45b7-gh12-5345,192.168.186.134,192.168.254.177
a923-45b7-gh12-9452,192.168.95.227,192.168.62.241
a923-45b7-gh12-9929,192.168.240.195,192.168.77.45
a923-45b7-gh12-8025,192.168.172.191,192.168.131.86
a923-45b7-gh12-7381,192.168.128.111,192.168.219.204
a923-45b7-gh12-7709,192.168.231.249,192.168.227.192
a923-45b7-gh12-4036,192.168.67.34,192.168.53.242
a923-45b7-gh12-1561,192.168.10.187,192.168.23.10
a923-45b7-gh12-3937,192.168.149.134,192.168.222.14
a923-45b7-gh12-5348,192.168.169.30,192.168.94.160
a923-45b7-gh12-8655,192.168.28.52,192.168.189.89
a923-45b7-gh12-8401,192.168.47.3,192.168.220.75
a923-45b7-gh12-7646,192.168.115.129,192.168.233.69
a923-45b7-gh12-891,192.168.57.178,192.168.168.212
a923-45b7-gh12-1876,192.168.33.33,192.168.63.216
a923-45b7-gh12-2863,192.168.203.235,192.168.206.188
a923-45b7-gh12-5317,192.168.130.129,192.168.127.204
a923-45b7-gh12-268,192.168.205.200,192.168.201.166
